epoch,accuracy,loss,val_accuracy,val_loss
0,0.6994117498397827,0.5812707543373108,0.67136150598526,0.6217297911643982
1,0.7370588183403015,0.5490617752075195,0.7065727710723877,0.5896843671798706
2,0.7452940940856934,0.5337759256362915,0.6924882531166077,0.5714776515960693
3,0.744705855846405,0.529856264591217,0.7112675905227661,0.5632838010787964
4,0.7488235235214233,0.527880847454071,0.7183098793029785,0.5757815837860107
